program,mode,threads,time,result
omp9,flat,1,0.00522476,9044
omp9,nested,1,0.00555221,9044
omp9,flat,2,0.00266762,9044
omp9,nested,2,0.0364021,9044
omp9,flat,3,0.00197783,9044
omp9,nested,3,0.0386669,9044
omp9,flat,4,0.00158523,9044
omp9,nested,4,0.060502,9044
omp9,flat,6,0.00108536,9044
omp9,nested,6,0.110534,9044
omp9,flat,8,0.00142593,9044
omp9,nested,8,0.171834,9044
omp9,flat,10,0.00128453,9044
omp9,nested,10,0.231148,9044
omp9,flat,12,0.00107503,9044
omp9,nested,12,0.306469,9044
